owner_ship,PercMean,totalMax,totalMin
Private,11.138971962616822,65.53,33.7
Public/Government,22.563483146067416,90.04,33.96
